insert into books (id, title, priceOld, price)
values (1, 'exploit real-time e-commerce', '$203.23', '$43.37');
insert into authors (id, firstName, lastName)
values (1, 'Drucie', 'Goodbourn');
insert into authors_books (book_id, author_id)
values (1, 1);

insert into books (id, title, priceOld, price)
values (2, 'utilize real-time interfaces', '$260.31', '$35.96');
insert into authors (id, firstName, lastName)
values (2, 'Marcia', 'Aggiss');
insert into authors_books (book_id, author_id)
values (2, 2);

insert into books (id, title, priceOld, price)
values (3, 'extend strategic e-services', '$272.00', '$151.04');
insert into authors (id, firstName, lastName)
values (3, 'Giovanni', 'Bigg');
insert into authors_books (book_id, author_id)
values (3, 3);


insert into books (id, title, priceOld, price)
values (4, 'iterate integrated solutions', '$271.58', '$141.40');
insert into authors (id, firstName, lastName)
values (4, 'Duffie', 'Eynon');
insert into authors_books (book_id, author_id)
values (4, 4);

insert into books (id, title, priceOld, price)
values (5, 'cultivate magnetic e-commerce', '$278.43', '$54.44');
insert into authors (id, firstName, lastName)
values (5, 'Anselma', 'McKennan');
insert into authors_books (book_id, author_id)
values (5, 5);

insert into books (id, title, priceOld, price)
values (6, 'architect vertical ROI', '$282.54', '$102.61');
insert into authors (id, firstName, lastName)
values (6, 'Gert', 'Kira');
insert into authors_books (book_id, author_id)
values (6, 6);

insert into books (id, title, priceOld, price)
values (7, 'disintermediate extensible architectures', '$295.38', '$181.27');
insert into authors (id, firstName, lastName)
values (7, 'Clerc', 'Djakovic');
insert into authors_books (book_id, author_id)
values (7, 7);


insert into books (id, title, priceOld, price)
values (8, 'extend leading-edge methodologies', '$283.08', '$97.96');
insert into authors (id, firstName, lastName)
values (8, 'Stacee', 'Elsy');
insert into authors_books (book_id, author_id)
values (8, 8);


insert into books (id, title, priceOld, price)
values (9, 'integrate one-to-one systems', '$258.51', '$52.25');
insert into authors (id, firstName, lastName)
values (9, 'Dorotea', 'Bonhill');
insert into authors_books (book_id, author_id)
values (9, 9);


insert into books (id, title, priceOld, price)
values (10, 'revolutionize 24/7 infrastructures', '$260.79', '$33.69');
insert into authors (id, firstName, lastName)
values (10, 'Minni', 'Bunney');
insert into authors_books (book_id, author_id)
values (10, 10);


insert into books (id, title, priceOld, price)
values (11, 'enhance innovative e-services', '$256.54', '$160.98');
insert into authors (id, firstName, lastName)
values (11, 'Berty', 'Gandley');
insert into authors_books (book_id, author_id)
values (11, 11);


insert into books (id, title, priceOld, price)
values (12, 'maximize 24/365 e-tailers', '$262.07', '$34.06');
insert into authors (id, firstName, lastName)
values (12, 'Raynard', 'Tesdale');
insert into authors_books (book_id, author_id)
values (12, 12);


insert into books (id, title, priceOld, price)
values (13, 'scale integrated architectures', '$257.66', '$32.97');
insert into authors (id, firstName, lastName)
values (13, 'Joanna', 'Hutfield');
insert into authors_books (book_id, author_id)
values (13, 13);


insert into books (id, title, priceOld, price)
values (14, 'e-enable frictionless web services', '$288.19', '$90.52');
insert into authors (id, firstName, lastName)
values (14, 'Dannie', 'Glidder');
insert into authors_books (book_id, author_id)
values (14, 14);


insert into books (id, title, priceOld, price)
values (15, 'strategize B2B channels', '$232.27', '$44.83');
insert into authors (id, firstName, lastName)
values (15, 'Timmie', 'Adshede');
insert into authors_books (book_id, author_id)
values (15, 15);


insert into books (id, title, priceOld, price)
values (16, 'syndicate compelling deliverables', '$287.45', '$101.89');
insert into authors (id, firstName, lastName)
values (16, 'Fernando', 'Neads');
insert into authors_books (book_id, author_id)
values (16, 16);


insert into books (id, title, priceOld, price)
values (17, 'utilize bleeding-edge users', '$281.37', '$146.21');
insert into authors (id, firstName, lastName)
values (17, 'Teddy', 'Guilliland');
insert into authors_books (book_id, author_id)
values (17, 17);


insert into books (id, title, priceOld, price)
values (18, 'cultivate 24/365 networks', '$270.99', '$184.76');
insert into authors (id, firstName, lastName)
values (18, 'Paloma', 'Grebert');
insert into authors_books (book_id, author_id)
values (18, 18);


insert into books (id, title, priceOld, price)
values (19, 'embrace plug-and-play platforms', '$278.36', '$77.71');
insert into authors (id, firstName, lastName)
values (19, 'Kristos', 'Usher');
insert into authors_books (book_id, author_id)
values (19, 19);



insert into books (id, title, priceOld, price)
values (20, 'target innovative paradigms', '$298.94', '$130.01');
insert into authors (id, firstName, lastName)
values (20, 'Darcey', 'Rohmer');
insert into authors_books (book_id, author_id)
values (20, 20);


insert into books (id, title, priceOld, price)
values (21, 'generate open-source e-business', '$276.57', '$113.25');
insert into authors (id, firstName, lastName)
values (21, 'Cristie', 'Isacsson');
insert into authors_books (book_id, author_id)
values (21, 21);


insert into books (id, title, priceOld, price)
values (22, 'implement user-centric e-markets', '$254.70', '$115.31');
insert into authors (id, firstName, lastName)
values (22, 'Lindsay', 'Coutthart');
insert into authors_books (book_id, author_id)
values (22, 22);


insert into books (id, title, priceOld, price)
values (23, 'utilize magnetic supply-chains', '$279.70', '$77.86');
insert into authors (id, firstName, lastName)
values (23, 'Helyn', 'Schneidar');
insert into authors_books (book_id, author_id)
values (23, 23);


insert into books (id, title, priceOld, price)
values (24, 'e-enable dot-com supply-chains', '$297.83', '$110.15');
insert into authors (id, firstName, lastName)
values (24, 'Bette-ann', 'Askem');
insert into authors_books (book_id, author_id)
values (24, 24);


insert into books (id, title, priceOld, price)
values (25, 'facilitate efficient eyeballs', '$232.30', '$131.48');
insert into authors (id, firstName, lastName)
values (25, 'Dom', 'Robuchon');
insert into authors_books (book_id, author_id)
values (25, 25);















